model,accuracy,precision_phish,recall_phish,f1_phish,roc_auc,pr_auc,mcc,log_loss,tp,fp,tn,fn,train_seconds
HistGradientBoosting,0.9796294707950939,0.89921392476137,0.9650497137692076,0.9309693358523471,0.9966437686150653,0.9863002987507739,0.9198279328905697,0.05783283708026436,3203,359,19640,116,13.24
LightGBM,0.9812591131314864,0.9091425326519024,0.9647484181982525,0.9361204502265751,0.9967362559149349,0.9870242853077609,0.9257102374353477,0.05380976929735205,3202,320,19679,117,1.94
CatBoost,0.9807444892357835,0.9097658480868075,0.9599276890629708,0.9341738747984166,0.9964907178772618,0.9855324000605992,0.9233621538094524,0.059042586449374906,3186,316,19683,133,12.11
XGBoost,0.9825885581953855,0.9225413402959095,0.9581199156372401,0.9399940880874963,0.9967128892750754,0.9870601093083795,0.9300429643606971,0.04938989505171776,3180,267,19732,139,6.83
ExtraTrees,0.9734539840466593,0.8700657894736842,0.9563121422115095,0.9111525764317496,0.994928512620268,0.9803158316130458,0.8969715848339158,0.10279500051714167,3174,474,19525,145,21.34
RandomForest,0.9798438974183035,0.9089865058857307,0.9539017776438686,0.9309026756836225,0.9959257980976783,0.9835650622326937,0.9194780595686298,0.0714051350582115,3166,317,19682,153,13.47
LogisticRegression,0.9507676473110901,0.7611258118835699,0.9532991865019584,0.846441947565543,0.9886203032658412,0.9459630803841649,0.8249114609144673,0.13887778547779464,3164,993,19006,155,1.63
Bagging,0.9833604940389399,0.9521752545510644,0.9297981319674601,0.9408536585365853,0.9888338496466854,0.9697275614201875,0.9312627916389732,0.1464003310282295,3086,155,19844,233,22.0
GradientBoosting,0.9765417274208765,0.9565217391304348,0.8749623380536307,0.9139260424862313,0.9932239606858319,0.9731649570003658,0.9015759285925296,0.06854606947697565,2904,132,19867,415,41.56
AdaBoost,0.9529547988678274,0.9102658788774003,0.7426935824043387,0.817985730877717,0.9817668421836276,0.9202096850232243,0.7966915470697935,0.4655857601465617,2465,243,19756,854,31.8
